شناسه,تناوب,قلم هزینه,واحد,تعداد,نرخ واحد,ارز/ریال,جمع برآوردی,مالیات/کارمزد,تأمین‌کننده,تاریخ استعلام,مسئول پرداخت,فرض/توضیح
B01,یک‌باره,بک‌اند و انتقال داده,نفرروز,,,,,,,,,نیازمند استعلام؛ خانه خالی به معنی صفر نیست
B02,یک‌باره,رابط و یکپارچه‌سازی,نفرروز,,,,,,,,,نیازمند استعلام؛ خانه خالی به معنی صفر نیست
B03,یک‌باره,QA و پذیرش,نفرروز,,,,,,,,,نیازمند استعلام؛ خانه خالی به معنی صفر نیست
B04,یک‌باره,استقرار و بازیابی,نفرروز,,,,,,,,,نیازمند استعلام؛ خانه خالی به معنی صفر نیست
B05,یک‌باره,بازبینی امنیت و بازآزمایی,پروژه,,,,,,,,,نیازمند استعلام؛ خانه خالی به معنی صفر نیست
B06,یک‌باره,حقوقی و محتوای بالینی,پروژه,,,,,,,,,نیازمند استعلام؛ خانه خالی به معنی صفر نیست
B07,ماهانه,وب/API و worker,نمونه-ماه,,,,,,,,,نیازمند استعلام؛ خانه خالی به معنی صفر نیست
B08,ماهانه,PostgreSQL و PITR,ماه,,,,,,,,,نیازمند استعلام؛ خانه خالی به معنی صفر نیست
B09,ماهانه,staging,ماه,,,,,,,,,نیازمند استعلام؛ خانه خالی به معنی صفر نیست
B10,ماهانه,فایل، نسخه و کپی مستقل,GiB-month,,,,,,,,,نیازمند استعلام؛ خانه خالی به معنی صفر نیست
B11,ماهانه,دانلود/ترافیک و درخواست فایل,طبق تعرفه,,,,,,,,,نیازمند استعلام؛ خانه خالی به معنی صفر نیست
B12,ماهانه,اسکن مدارک,ماه/درخواست,,,,,,,,,نیازمند استعلام؛ خانه خالی به معنی صفر نیست
B13,مصرفی,پیامک OTP و اعلان,قطعه پیام,,,,,,,,,نیازمند استعلام؛ خانه خالی به معنی صفر نیست
B14,مصرفی,کارمزد پرداخت,طبق قرارداد,,,,,,,,,نیازمند استعلام؛ خانه خالی به معنی صفر نیست
B15,ماهانه,پزشک و جانشین,ساعت,,,,,,,,,نیازمند استعلام؛ خانه خالی به معنی صفر نیست
B16,ماهانه,هماهنگی و پشتیبانی,ساعت,,,,,,,,,نیازمند استعلام؛ خانه خالی به معنی صفر نیست
B17,ماهانه,عملیات فنی و پایش,ساعت/ماه,,,,,,,,,نیازمند استعلام؛ خانه خالی به معنی صفر نیست
B18,سالانه,دامنه و تمدید خدمات,سال,,,,,,,,,نیازمند استعلام؛ خانه خالی به معنی صفر نیست
B19,یک‌باره,دستگاه/تجهیزات آزمون در صورت نیاز,عدد,,,,,,,,,نیازمند استعلام؛ خانه خالی به معنی صفر نیست
B20,ذخیره,عدم قطعیت؛ پیشنهاد ۱۵ تا ۲۵ درصد,درصد,,,,,,,,,نیازمند استعلام؛ خانه خالی به معنی صفر نیست
