شناسه,نیاز/معیار,نقش مسئول,نام فرد مسئول,نقطه نیاز,موعد توافقی,وضعیت,شاهد لازم,مسیر شاهد/نتیجه,توضیحات
IN-01,گروه هدف، معیار ورود/خروج، سن مجاز، شهرها و سقف پذیرش,مالک محصول + مسئول بالینی,,قبل از تثبیت فرم و پذیرش,,باز؛ نیازمند تأمین/اجرا,یک صفحه دامنه با موارد خارج از خدمت,,
IN-02,خدمت قابل فروش: ارزیابی، خروجی آن، قیمت ریالی، مالیات/صورتحساب و لغو/بازپرداخت,محصول + مالی,,قبل از اتصال پرداخت,,باز؛ نیازمند تأمین/اجرا,جدول خدمات و سیاست مالی نسخه‌دار,,
IN-03,پرسش‌نامه، گزینه‌ها، مدارک لازم/اختیاری و قواعد تکمیل,پزشک مسئول,,قبل از قفل قرارداد داده,,باز؛ نیازمند تأمین/اجرا,فایل فیلدها با نوع، الزام، توضیح و نسخه,,
IN-04,علائم خطر، پیام فوری، مسیر ارجاع و زمان رسیدگی انسانی,مسئول بالینی,,پیش از آزمون پذیرش بالینی,,باز؛ نیازمند تأمین/اجرا,سناریوی مکتوب و تأیید نام‌دار,,
IN-05,قالب تصویر سلامت، اقدام‌ها، بازبینی و اصلاح برنامه,مسئول بالینی,,پیش از توسعهٔ خروجی نهایی,,باز؛ نیازمند تأمین/اجرا,حداقل ۳ نمونهٔ کاملاً ساختگی با معیار پذیرش,,
IN-06,متن رضایت بررسی، رضایت هماهنگی جدا، حریم خصوصی و شرایط خدمت,مالک خدمت + مشاور حقوقی,,پیش از ورود عضو واقعی,,باز؛ نیازمند تأمین/اجرا,متن نسخه‌دار با تاریخ اجرا,,
IN-07,محل داده، مدت نگهداری هر گروه، خروجی/حذف، اثر حذف بر پشتیبان,مالک داده + حقوقی + فنی,,پیش از انتخاب نهایی میزبان,,باز؛ نیازمند تأمین/اجرا,جدول سیاست و مسیر اجرای درخواست,,
IN-08,فهرست کارکنان، نقش، پزشک مسئول، جانشین و حدود دسترسی,مدیر عملیات,,پیش از ساخت حساب واقعی,,باز؛ نیازمند تأمین/اجرا,فهرست رسمی حساب‌ها و ماتریس نقش,,
IN-09,ساعات خدمت، مهلت پاسخ عادی/هشدار، تعطیلات و کانال پشتیبانی,عملیات + مسئول بالینی,,پیش از دعوت اعضا,,باز؛ نیازمند تأمین/اجرا,تقویم خدمت، SLA مصوب و شماره/کانال سازمانی,,
IN-10,مراکز همکار، راه تماس، مسئول تأیید نوبت و دادهٔ مجاز انتقال,هماهنگی + مالک داده,,پیش از فعال‌کردن هماهنگی,,باز؛ نیازمند تأمین/اجرا,فهرست مراکز و نمونهٔ تأیید معتبر,,
IN-11,هویت مالک قراردادها، دامنه، مسئول DNS و پرداخت هزینه‌ها,مالک کسب‌وکار,,ابتدای آماده‌سازی محیط,,باز؛ نیازمند تأمین/اجرا,فهرست مالکیت و دسترسی سازمانی,,
IN-12,حساب پیامک، الگوی OTP، محدودیت ارسال، حساب درگاه و روش استعلام,مالک حساب + مالی,,پیش از تست اتصال,,باز؛ نیازمند تأمین/اجرا,دسترسی امن، مستندات و حساب آزمون,,
IN-13,تعداد عضو آغاز، ورود روزانه، درصد پرونده‌های آماده، تعداد/اندازه فایل و هم‌زمانی,محصول + عملیات,,پیش از برآورد هزینه و بار,,باز؛ نیازمند تأمین/اجرا,جدول فرض‌های ظرفیت و برنامهٔ جذب,,
IN-14,دادهٔ قبلی قابل مهاجرت و مجوز استفاده، یا تصمیم شروع از پایگاه خالی,مالک داده,,پیش از طراحی مهاجرت,,باز؛ نیازمند تأمین/اجرا,نمونهٔ ساختگی + فرهنگ داده؛ تصمیم ثبت‌شده,,
IN-15,معیار موفقیت پایلوت، افراد تأییدکننده، بودجه و بازهٔ زمانی,حامی پروژه,,قبل از تعهد زمان و هزینه,,باز؛ نیازمند تأمین/اجرا,صورت‌جلسهٔ شروع و مالک هر تصمیم,,
GO-01,دامنه، قیمت، رضایت و محتوای پزشکی نهایی شده,نسخه و تأیید محصول، مالی و پزشک,,پیش از اولین عضو واقعی,,باز؛ نیازمند تأمین/اجرا,نسخه و تأیید محصول، مالی و پزشک,,
GO-02,محیط واقعی از دمو جدا؛ secrets و کارکنان MFA دارند,رهبر فنی,,پیش از اولین عضو واقعی,,باز؛ نیازمند تأمین/اجرا,چک تنظیمات بدون افشای کلید؛ رهبر فنی,,
GO-03,عضو روی دستگاه A ذخیره کند؛ پزشک مجاز روی B همان داده را ببیند؛ نقش غیرمجاز نبیند,QA,,پیش از اولین عضو واقعی,,باز؛ نیازمند تأمین/اجرا,فیلم/گزارش UAT با داده ساختگی؛ QA,,
GO-04,چرخهٔ ارسال تا برنامه و نوبت و درخواست تکمیل کامل طی شود,آزمون E2E و پذیرش پزشک/کارشناس,,پیش از اولین عضو واقعی,,باز؛ نیازمند تأمین/اجرا,آزمون E2E و پذیرش پزشک/کارشناس,,
GO-05,OTP، verify پرداخت، callback تکراری، مغایرت و یک بازپرداخت طبق امکان ارائه‌دهنده بررسی شود,مالی + QA,,پیش از اولین عضو واقعی,,باز؛ نیازمند تأمین/اجرا,شاهد سرویس و تطبیق مالی؛ مالی + QA,,
GO-06,فایل خصوصی؛ فایل رد/اسکن‌نشده و درخواست عضو دیگر قابل دریافت نباشد,فنی + امنیت,,پیش از اولین عضو واقعی,,باز؛ نیازمند تأمین/اجرا,آزمون فایل و دسترسی؛ فنی + امنیت,,
GO-07,restore DB و فایل با صحت مجوز/نسخه و بدون تکرار اثر مالی موفق باشد,عملیات,,پیش از اولین عضو واقعی,,باز؛ نیازمند تأمین/اجرا,RPO/RTO واقعی، checksum و زمان؛ عملیات,,
GO-08,درخواست خروجی/حذف با احراز هویت و سیاست نگهداری واقعاً اجرا شود,مالک داده,,پیش از اولین عضو واقعی,,باز؛ نیازمند تأمین/اجرا,نمونهٔ ساختگی و حسابرسی؛ مالک داده,,
GO-09,بار پایلوت توافق‌شده: پیشنهاد حداقل ۱۰ کاربر هم‌زمان برای ۳۰ دقیقه، شامل نوشتن و صف,QA + فنی,,پیش از اولین عضو واقعی,,باز؛ نیازمند تأمین/اجرا,نرخ درخواست/ترکیب واقعی ثبت شود؛ صفر فقدان داده/نقض مجوز؛ QA + فنی,,
GO-10,Android/iPhone واقعی، شبکه ضعیف، صفحه‌کلید و فرم فارسی بررسی شوند,QA,,پیش از اولین عضو واقعی,,باز؛ نیازمند تأمین/اجرا,دستگاه/نسخه، نتیجه و عیب‌های باز؛ QA,,
GO-11,هشدار به مسئول/جانشین برسد؛ اختلال درگاه/اسکن و توقف پذیرش تمرین شود,عملیات,,پیش از اولین عضو واقعی,,باز؛ نیازمند تأمین/اجرا,runbook و تمرین عملی؛ عملیات,,
GO-12,یافتهٔ امنیتی مانع حل شده؛ artifact و rollback مشخص؛ تأیید شروع محدود ثبت شود,گزارش رفع/بازآزمایی و صورت‌جلسهٔ انتشار,,پیش از اولین عضو واقعی,,باز؛ نیازمند تأمین/اجرا,گزارش رفع/بازآزمایی و صورت‌جلسهٔ انتشار,,
RES-01,تأمین API، worker، PostgreSQL و staging مستقل,رهبر فنی + عملیات,,پیش از گیت شروع,,باز؛ نیازمند تأمین/اجرا,موجودی منابع، مالک حساب و health check,,
RES-02,دامنه، DNS و TLS,مالک کسب‌وکار + عملیات,,پیش از گیت شروع,,باز؛ نیازمند تأمین/اجرا,مالکیت سازمانی و آزمون HTTPS,,
RES-03,مخزن فایل خصوصی و اسکن,عملیات + بک‌اند,,پیش از گیت شروع,,باز؛ نیازمند تأمین/اجرا,آزمون قرنطینه و دسترسی,,
RES-04,PITR و کپی مستقل فایل,عملیات,,پیش از گیت شروع,,باز؛ نیازمند تأمین/اجرا,گزارش restore با RPO/RTO,,
RES-05,CI/CD و artifact نسخه‌دار,رهبر فنی,,پیش از گیت شروع,,باز؛ نیازمند تأمین/اجرا,گزارش pipeline و تمرین rollback,,
RES-06,تأمین وقت تیم فنی و QA,مالک محصول,,پیش از گیت شروع,,باز؛ نیازمند تأمین/اجرا,افراد مشخص، وقت و برنامه,,
RES-07,ظرفیت پزشک، هماهنگی و جانشین,مدیر عملیات,,پیش از گیت شروع,,باز؛ نیازمند تأمین/اجرا,ساعات/شیفت و ظرفیت روزانه,,
RES-08,دستگاه واقعی Android/iPhone,QA,,پیش از گیت شروع,,باز؛ نیازمند تأمین/اجرا,فهرست دستگاه و نتیجه آزمون,,
RES-09,تعیین نسخه و دامنه چک‌لیست استانداردها,فنی + QA + امنیت,,پیش از گیت شروع,,باز؛ نیازمند تأمین/اجرا,نگاشت کنترل‌ها به آزمون و یافته‌ها,,
RES-10,بودجه شروع و سه ماه خدمت,مالی + حامی پروژه,,پیش از گیت شروع,,باز؛ نیازمند تأمین/اجرا,برآورد مصوب و مسئول پرداخت,,
